id,title,description,availability,condition,price,link,image_link,brand,google_product_category,fb_product_category,material,custom_label_0
b69324c2-faa8-4478-9ddd-3a7c694e11a3,Arc Hand-Tufted Wool Rug,"Arc is a study in balance: a soft cream field framed in brown, with a golden arc sweeping through a dark, grounded figure. Hand-tufted in New Zealand wool.",in_stock,new,320000 RWF,https://mosiac.rw/catalogue/arc,https://mosiac.rw/__l5e/assets-v1/3adfeab6-35aa-4124-b516-2d33c86ef3e0/arc-1.jpg,Rug Mosaic,648,Home & Garden > Decor > Rugs,Hand-tufted New Zealand wool,Hand-Tufted Artisanal
8647bde4-28e4-4aa7-9b24-3569aa829d61,Burg Hand-Tufted Wool Rug,"Burg pairs a saturated deep red ground with soft blush detailing. Rich, warm, and quietly dramatic underfoot.",in_stock,new,320000 RWF,https://mosiac.rw/catalogue/burg,https://mosiac.rw/__l5e/assets-v1/f65fc452-6a55-416b-94bc-1e5108b44c6d/burg-1.jpg,Rug Mosaic,648,Home & Garden > Decor > Rugs,Hand-tufted New Zealand wool,Hand-Tufted Artisanal
67cc07bc-32a3-4611-996a-aed2efdd49b4,Celestial Night Hand-Tufted Wool Rug,"Celestial Night maps a night sky in wool: a deep navy ground scattered with cream and golden yellow. A calm, cosmic anchor for a room.",in_stock,new,320000 RWF,https://mosiac.rw/catalogue/celestial-night,https://mosiac.rw/__l5e/assets-v1/aabe64b3-5f6f-4c3c-92e2-3b41f272d2cc/celestial-1.jpg,Rug Mosaic,648,Home & Garden > Decor > Rugs,Hand-tufted New Zealand wool,Hand-Tufted Artisanal
63fe983d-bb36-4705-bd61-40bdc63f425b,Geometric Hand-Tufted Wool Rug,"Geometric layers bright multi colour blocks over a warm tan field. Playful without shouting, and built to take daily traffic.",in_stock,new,320000 RWF,https://mosiac.rw/catalogue/geometric,https://mosiac.rw/__l5e/assets-v1/410edc13-8f3d-4b3d-8294-134006f103d3/geometric-1.jpg,Rug Mosaic,648,Home & Garden > Decor > Rugs,Hand-tufted New Zealand wool,Hand-Tufted Artisanal
21d42e32-070d-4640-8751-b85680f5ecdc,Hassan Hand-Tufted Wool Rug,"Hassan is high contrast and architectural: black against cream, warmed with golden tan. It works hardest in a minimal room.",in_stock,new,320000 RWF,https://mosiac.rw/catalogue/hassan,https://mosiac.rw/__l5e/assets-v1/10176d14-3299-443a-9708-a27203c5d214/hassan-1.jpg,Rug Mosaic,648,Home & Garden > Decor > Rugs,Hand-tufted New Zealand wool,Hand-Tufted Artisanal
b541208d-5524-4575-b812-fb960b93921a,Melt Hand-Tufted Wool Rug,"Melt starts as clean diagonal stripes in tan and rich brown, then loses its nerve: the pattern pools and runs into an irregular hand carved edge. Shown at 150 by 100 cm.",in_stock,new,320000 RWF,https://mosiac.rw/catalogue/melt,https://mosiac.rw/__l5e/assets-v1/6c661115-c673-45ed-a9e4-86925b566cd0/melt-1.jpg,Rug Mosaic,648,Home & Garden > Decor > Rugs,Hand-tufted New Zealand wool,Hand-Tufted Artisanal
5b62c5c1-f4d1-4f70-8145-0eecf63589f6,Tai Hand-Tufted Wool Rug,"Tai is water rendered in wool. Medium blue and blue teal roll across the field, cut with black line work, dark blue grey shadow and drifts of light grey and cream.",in_stock,new,350000 RWF,https://mosiac.rw/catalogue/tai,https://mosiac.rw/__l5e/assets-v1/c46c2792-6b2e-4db6-b56c-8ad9251966b5/tai-1.jpg,Rug Mosaic,648,Home & Garden > Decor > Rugs,Hand-tufted New Zealand wool,Hand-Tufted Artisanal
5f607a7b-bcc3-4848-97cd-0239ea17608c,Uzu Circle (Enso) Hand-Tufted Wool Rug,"Uzu Circle borrows the enso: one continuous brown stroke on a cream ground, closed but never perfect. Works on the floor or on the wall.",in_stock,new,170000 RWF,https://mosiac.rw/catalogue/uzu-circle,https://mosiac.rw/__l5e/assets-v1/c83a1a4b-98bf-4d4e-8b72-6c3d824989c9/uzu-1.jpg,Rug Mosaic,648,Home & Garden > Decor > Rugs,Hand-tufted New Zealand wool,Hand-Tufted Artisanal
f65eb29c-9d61-448d-85d4-7827347eb636,Valencia Hand-Tufted Wool Rug,"Valencia runs rich brown and gold through a cream field, held together by confident black lines. Warm, graphic, and generous at full size.",in_stock,new,320000 RWF,https://mosiac.rw/catalogue/valencia,https://mosiac.rw/__l5e/assets-v1/2cbb95f3-b832-4e67-a626-6398c3ce7025/valencia-1.jpg,Rug Mosaic,648,Home & Garden > Decor > Rugs,Hand-tufted New Zealand wool,Hand-Tufted Artisanal
b7073578-f58e-4e45-9cc1-514396828a22,Valley Hand-Tufted Wool Rug,"Valley stacks soft grey, khaki cream, brown and moss green into a landscape of bands. Quiet, earthy, easy to live with.",in_stock,new,320000 RWF,https://mosiac.rw/catalogue/valley,https://mosiac.rw/__l5e/assets-v1/6f673edf-afa0-4232-8667-56122d3d818c/valley-2.jpg,Rug Mosaic,648,Home & Garden > Decor > Rugs,Hand-tufted New Zealand wool,Hand-Tufted Artisanal